{
	"textures": [
		{
			"image": "texture",
			"format": "RGBA8888",
			"size": {
				"w": 16,
				"h": 107
			},
			"scale": 1,
			"frames": [
				{
					"filename": "chest_empty_open_anim_f2.png",
					"rotated": false,
					"trimmed": false,
					"sourceSize": {
						"w": 16,
						"h": 16
					},
					"spriteSourceSize": {
						"x": 0,
						"y": 0,
						"w": 16,
						"h": 16
					},
					"frame": {
						"x": 0,
						"y": 0,
						"w": 16,
						"h": 16
					}
				},
				{
					"filename": "chest_full_open_anim_f2.png",
					"rotated": false,
					"trimmed": false,
					"sourceSize": {
						"w": 16,
						"h": 16
					},
					"spriteSourceSize": {
						"x": 0,
						"y": 0,
						"w": 16,
						"h": 16
					},
					"frame": {
						"x": 0,
						"y": 16,
						"w": 16,
						"h": 16
					}
				},
				{
					"filename": "chest_mimic_open_anim_f2.png",
					"rotated": false,
					"trimmed": false,
					"sourceSize": {
						"w": 16,
						"h": 16
					},
					"spriteSourceSize": {
						"x": 0,
						"y": 0,
						"w": 16,
						"h": 16
					},
					"frame": {
						"x": 0,
						"y": 32,
						"w": 16,
						"h": 16
					}
				},
				{
					"filename": "chest_empty_open_anim_f1.png",
					"rotated": false,
					"trimmed": true,
					"sourceSize": {
						"w": 16,
						"h": 16
					},
					"spriteSourceSize": {
						"x": 0,
						"y": 1,
						"w": 16,
						"h": 15
					},
					"frame": {
						"x": 0,
						"y": 48,
						"w": 16,
						"h": 15
					}
				},
				{
					"filename": "chest_full_open_anim_f1.png",
					"rotated": false,
					"trimmed": true,
					"sourceSize": {
						"w": 16,
						"h": 16
					},
					"spriteSourceSize": {
						"x": 0,
						"y": 1,
						"w": 16,
						"h": 15
					},
					"frame": {
						"x": 0,
						"y": 63,
						"w": 16,
						"h": 15
					}
				},
				{
					"filename": "chest_mimic_open_anim_f1.png",
					"rotated": false,
					"trimmed": true,
					"sourceSize": {
						"w": 16,
						"h": 16
					},
					"spriteSourceSize": {
						"x": 0,
						"y": 1,
						"w": 16,
						"h": 15
					},
					"frame": {
						"x": 0,
						"y": 78,
						"w": 16,
						"h": 15
					}
				},
				{
					"filename": "chest_empty_open_anim_f0.png",
					"rotated": false,
					"trimmed": true,
					"sourceSize": {
						"w": 16,
						"h": 16
					},
					"spriteSourceSize": {
						"x": 0,
						"y": 2,
						"w": 16,
						"h": 14
					},
					"frame": {
						"x": 0,
						"y": 93,
						"w": 16,
						"h": 14
					}
				},
				{
					"filename": "chest_full_open_anim_f0.png",
					"rotated": false,
					"trimmed": true,
					"sourceSize": {
						"w": 16,
						"h": 16
					},
					"spriteSourceSize": {
						"x": 0,
						"y": 2,
						"w": 16,
						"h": 14
					},
					"frame": {
						"x": 0,
						"y": 93,
						"w": 16,
						"h": 14
					}
				},
				{
					"filename": "chest_mimic_open_anim_f0.png",
					"rotated": false,
					"trimmed": true,
					"sourceSize": {
						"w": 16,
						"h": 16
					},
					"spriteSourceSize": {
						"x": 0,
						"y": 2,
						"w": 16,
						"h": 14
					},
					"frame": {
						"x": 0,
						"y": 93,
						"w": 16,
						"h": 14
					}
				}
			]
		}
	],
	"meta": {
		"app": "http://free-tex-packer.com",
		"version": "0.6.7"
	}
}